userId,firstName,lastName
JHL283810,James,Lawrence
RZS258878,Raquel,Smith
MBT282397,Megan,Towne
KWB260589,Kathleen,Bies
BXR284259,Betty,Roberts
MIB289166,Manuel,Bragg
SDI270697,Steve,Ibarra
FVM270686,Francis,Molina
APK243309,Arthur,Kelley
EDS209880,Eloise,Slinkard
MSM275914,Miguel,Moore
NOZ234814,Nancy,Zook
DWO297310,Daniel,Overstreet
AAE297154,Anita,Ellison
SVK223509,Sheri,Kemp
MYJ252227,Martha,Jackson
JIP279457,Jason,Pool
APS260946,Anne,Sullivan
DQF255724,David,Fontanella
FEH235614,Frances,Haywood
CNW200772,Carolyn,Wilkerson
AML242906,Andrew,Lyons
GJM221992,Greg,Murphy
PST280728,Paula,Toothman
MPH272768,Marvin,Handley
KDG292124,Kathleen,Grant
RON213446,Roy,Nielsen
RYV274531,Randy,Velarde
JUK290096,Josh,Kulp
SNB265597,Sara,Briscoe
GYC259614,George,Chambers
HQT284896,Harold,Treece
AHT259682,Aileen,Treuter
VYC243065,Velia,Chavarria
SSD279887,Stacy,Dixon
JJB213979,Jason,Becker
MLK223021,Michael,Kyle
BLM248311,Bertha,Matchett
JII285841,Jamie,Isbell
BSG206629,Brenda,Green
MEC231186,Mary,Carroll
ETM293375,Elizabeth,Martin
INC259441,Irene,Clark
CNM253845,Cornelia,Maccormack
RWT273526,Randy,Tarver
HXA255028,Heather,Alvarado
AYH226794,Alesia,Huck
RWB242568,Ramon,Bourque
JYP210011,Juan,Powell
MLS282756,Marcella,Sample
NWM259050,Nathaniel,Mayhugh
OUV210682,Owen,Vargas
SJS225166,Shon,Sanchez
DPD230671,Donald,Dyar
TMH259130,Tatiana,Hess
LGJ258799,Loren,Johnson
SQA274798,Sharon,Andres
LCM291146,Loretta,Machen
EFS297426,Eddie,Singleton
PYT218714,Patricia,Thomas
AMG214869,Alexander,Gagnon
CWN272089,Charmaine,Nathanson
NQK240539,Neida,Kovacs
LRH283238,Lisa,Hanson
GJS263300,Gilbert,Simone
GHH241827,Gregory,Hart
BLW251543,Bethel,Woods
EYF272512,Elizabeth,Fritz
SXB280356,Sandra,Berri
JDL289224,James,Loynes
PXJ269878,Pauline,Jaynes
HRW257983,Harriet,Wallace
ABG222946,Allie,Gray
MCR280079,Marina,Reece
VDT285679,Viola,Taylor
JBL269228,Jennifer,London
PYW209046,Patricia,Whitehead
JTM224704,James,Mabe
MPW207989,Martin,Weiss
MKH273044,Matthew,Hawkins
CHP224906,Clifford,Perlman
CHP234180,Carolyn,Patterson
JGC282667,John,Collins
JOC235038,Jennifer,Cables
CDB284529,Clara,Bozek
SMW210084,Sandra,Warren
CMP259054,Cynthia,Pack
BTC203442,Brian,Clark
BTS239932,Benito,Steele
MLP242714,Martha,Peavey
VZE271256,Vernon,Erickson
MCD203219,Margaret,Dalton
AKW297057,Arthur,Whalen
STM234387,Sheila,Masterson
LUM224347,Laurie,Marler
AOC236025,Albert,Cooper
SYS245688,Scott,Sleiman
DIH299807,Dawn,Hough
FYP274205,Francis,Prow
MCC220837,Maria,Conner
JCF255353,Jerry,Freeman
WXS211362,William,Scott
DTH264865,Dorothy,Heard
DKM210357,Dominique,Morris
JXL265065,Josephine,Lingenfelter
AVP220618,Antoinette,Perrotti
DBU265803,David,Umana
MUB200835,Mary,Burger
BUS260091,Brandon,Shafer
LYG241160,Lisa,Goodman
RZL272869,Robert,Lee
RZR225919,Raquel,Robinson
BEL254000,Barbara,Lawson
EZS213124,Earl,Snyder
CBB271057,Carol,Brown
TUW295990,Traci,Willian
SLH265035,Steven,Harris
EJS221319,Elizabeth,Simeon
RRD238980,Robert,Davenport
EMH210739,Eugenia,Holland
KPG268495,Kevin,Giroux
EWJ236202,Elia,Johnson
SJR248816,Steven,Roselli
LGC204334,Linda,Conner
IGS206507,Ian,Swinford
BVS239602,Bertha,Smith
BGS250891,Brandon,Sandlan
RDL243426,Rebecca,Little
KSL259251,Kimberly,Leister
MXA208557,Mark,Alvarez
LTO283928,Lula,Oglesby
DVR291120,Donald,Roney
HQM214474,Helen,Martinez
KTM218139,Kenneth,Misiak
PVG223758,Patty,Gilliland
DUM256734,Dennis,Mccutcheon
HMH236458,Henry,Hagan
KOQ243512,Kay,Quinn
MGN293959,Margaret,Newsom
RTL250778,Rosa,Lamb
DKD293113,Douglas,Deberry
RTS298775,Ronald,Santana
KRM222779,Kevin,Mclean
EQD275061,Elizabeth,Dykstra
JDB289463,Judith,Barwick
VXR226945,Vicki,Redfox
AYH270101,Alan,Hauser
RRA205475,Roy,Ayala
RGB287988,Robert,Barclay
DQF234502,Don,Fiorita
LEA220869,Lawrence,Adair
AHR277028,Arthur,Roy
JFB202942,John,Boston
KFG226522,Kristie,Gilchrist
ASL224775,Alfred,Lafollette
CVM270268,Clara,Markham
GPC251000,Gilbert,Closson
SMI211382,Shelia,Ingram
LYD290989,Lucina,Diggs
GKM237655,Gary,Maloy
JED223969,Judy,Decastro
LYG224105,Lori,Golden
KUW255249,Karen,Walquist
SGP215890,Socorro,Piccinini
GWS245039,George,Soares
JYM262021,James,Morrow
BHV268610,Beverley,Velazquez
WTW239270,Warren,Wait
PTC223908,Paul,Comstock
JPR228467,Jane,Raber
RDP296681,Richard,Pooler
JIC230928,Joyce,Cooper
BZW207834,Beth,Wallin
JOH274278,Justin,Holt
JFA212616,John,Arbizo
HOA227359,Haydee,Aurand
NRM225312,Nicholas,Muresan
KXD273812,Kevin,Diamond
MHB218141,Mildred,Barger
IYL245603,Irene,Lard
DMF299881,Dennis,Flores
MTW299317,Michael,Wilson
TGT276415,Thomas,Taylor
DBR226066,Debbie,Raby
RJF254700,Roy,Farrell
JTK217241,James,Korbal
TXD232346,Theresa,Davis
MFB260762,Maria,Braun
JJM218953,Jerome,Miller
SGC271741,Stacy,Corona
ACS212206,Ann,Spader
MZD225369,Michael,Daugherty
KVR223020,Kenneth,Ramsey
DWS278012,Daryl,Sherlock
DXH263263,David,Hesselschward
PYD226287,Paul,Dewitt
VJH218554,Valerie,Howard
SUV291566,Susan,Vargas
CMG272895,Clyde,Galindo
JOR277616,Joyce,Rodriguez
HEH276379,Howard,Hurt
DLL262242,David,Lamb
RLC259558,Rhonda,Cantu
RSM261925,Rodney,Marcum
NIG236418,Nancy,Gutierrez
CYA252264,Christine,Adames
GYP212881,Gertrude,Pitts
JTR225307,James,Robinson
RGJ233847,Ruth,Jackson
VMF287111,Virginia,Fender
DMB284907,David,Brown
BBL204855,Barbara,Leveille
HHB213937,Harold,Bressler
MUF231934,Michael,Foshee
BTC280024,Billy,Carraway
EBC289816,Edna,Cook
LSW226208,Lavonne,White
IHH261018,Irene,Heyer
VGB210890,Vincent,Baxter
HKM291495,Herman,Martin
RBT246230,Rosa,Tanner
PDK251207,Paul,Kempinski
DUV230451,Denise,Valdez
MVM223891,Mathew,Maggard
KFT245068,Kevin,Tripp
TEC290327,Troy,Curb
LTJ267081,Laura,Jimenez
BSH295420,Bobbie,Humphrey
DPM226117,Darryl,Mccoy
CUF276161,Clara,Funderburke
EQE237992,Ethel,Entriken
LDS224696,Larry,Sissel
RYP255680,Robert,Pernell
HVB216225,Harry,Butler
JJM275777,Juan,Mclaren
DJN215167,Debra,Newberry
SML247672,Steven,Libby
BQD239682,Bill,Doan
GYM256450,George,Mcguire
SJA277664,Salvatore,Anderson
DJO265136,Darren,Ott
KGL266144,Kathryn,Ledbetter
JTH234987,Jeanne,Hudson
ITT202609,Ivan,Thompson
TND243160,Teri,Dennard
EJF218993,Emily,Fitzgerald
KKS264447,Katrina,Swilling
AUW220686,Arthur,Wolley
MEN206525,Marion,Newberry
AHS238036,Angela,Sanford
BQB273342,Brandon,Berry
BHE272833,Barbara,Evans
LGC298295,Leslie,Crayton
EKC243178,Earl,Collini
MNV284825,Michael,Villa
SPM288662,Sean,Mathew
GIB212384,Gina,Bouchard
JFW256858,James,Wright
DWS202859,David,Stewart
JKO293623,Juan,Orr
TNS217191,Tracey,Summers
WIY272984,Winford,Yates
LOS219815,Lee,Stepler
RLG244737,Rosa,Garcia
FBH252645,Frank,Hood
KEK270442,Kelly,Kovacs
SAA206256,Stephen,Askew
KWN234562,Katie,Notis
PLS274942,Patricia,Stewart
CZC263068,Clara,Coltrain
CYE281094,Cliff,Edmonds
JDR269193,Judith,Robinson
JML241948,Jose,Lambert
JRJ253411,Jermaine,Johnson
KLJ278363,Karin,Jefferson
PKS298657,Pamela,Sells
PMH288029,Pearl,Higgins
JLD294084,Joseph,Davies
HRD225146,Hilton,Doolittle
JRH294531,John,Hashim
HTS268114,Harley,Steverson
ANO278587,Andrew,Odonnell
RJT231870,Ricardo,Taylor
GGS245064,Giovanni,Shade
RDJ247555,Robert,Jones
KDR288795,Kevin,Radke
WEB280744,Wallace,Burton
TPA242182,Thelma,Arroyo
CQB258262,Cynthia,Brown
TVB247216,Terry,Barker
KRC256202,Kimberly,Cantu
KUS262230,Kenneth,Sjolander
AAS238155,Andrew,Sherman
EKR208384,Erica,Robertson
SYW291494,Spencer,Woodard
JGB283737,Judith,Bolanos
KFO293530,Karen,Olea
MLK206378,Melody,Kobashigawa
RUC254484,Raul,Craig
JPE208825,Jose,Eichhorn
ABH230984,Alberta,Howland
HBR230016,Heather,Russell
JHH295025,Janet,Hartford
CXS210909,Cathy,Stewart
JCG250336,Janet,Gorius
CHF285315,Carmel,Federico
KJF255436,Karl,Ferguson
SLC285789,Shelly,Cox
RDG283418,Robert,Garcia
RTS212693,Roger,Smith
JKA286537,James,Atwell
TVC263198,Thomas,Cox
GNB294036,Gertrude,Bulger
GKZ208111,Guy,Zambelli
BZC278835,Betty,Chalmers
DML255369,Darlena,Lines
GBC249355,Georgia,Cooper
MUH201520,Michael,Hill
JKB278525,James,Barry
MZR239400,Mickey,Ritchie
JMH216841,Jennifer,Hawkins
GML255009,George,Leveille
TRG269331,Terry,Glanton
DJB256068,Donald,Brixey
CXS253145,Carlos,Solesbee
JUB200292,Jessica,Bowman
MIS216232,Mary,Simard
LGC255188,Leanna,Cook
JTL236991,Jennifer,Leon
MBB219163,Mary,Butler
DTB206832,Deborah,Burks
MUH276588,Maria,Hall
NWS299530,Nona,Shepard
CFF273727,Christina,Fox
YKR285019,Yolanda,Reem
CLG220400,Cynthia,Gullett
LBL214422,Leon,Lantz
BAM267048,Betty,Mctigue
VDW219689,Vivian,Williamson
FWR250465,Frances,Rojas
MBW218892,Melissa,Whitis
MJM297459,Miguel,Mcmichael
HFG274981,Hilda,Glass
RYC235378,Robert,Cobb
LJW273890,Linda,Walters
DGS282044,Desmond,Stevens
CFM212335,Catherine,Mistrot
VKM257780,Victoria,Mclendon
MDW284211,Margaret,Watson
KCB299433,Kathleen,Batista
HWC270189,Heriberto,Camacho
LGC255073,Louis,Cole
RNJ211484,Robert,Johnson
JNO235076,Janet,Odegard
MBM272841,Michelle,Marr
EYP297299,Efren,Proffitt
RLN234340,Robert,Newsome
AYH225276,Albert,Hatch
DNA245685,Diana,Altieri
LUB256270,Lawrence,Briggs
JQA273615,Jason,Amaya
EAH278830,Erin,Henry
JDB264662,Julio,Bachrach
JIM205646,John,Moreno
YLC212032,Yvette,Cotten
MYR250538,Margo,Rainey
DLD246131,Dorothy,Dawkins
SHC214311,Sean,Cokely
CWR251496,Charles,Roling
LPH277857,Laticia,Hoff
WHS235381,William,Savage
TFT282167,Tiffaney,Tuner
RRM289249,Roger,Mccoy
BQV232955,Brian,Vasquez
REW275781,Rodney,Washington
RLE280636,Roxanne,Ernst
CZD239438,Carole,Dini
FFB286266,Frank,Broyles
PVF276092,Patricia,Flannery
DJG293740,Daniel,Glasser
AYS289040,Ann,Stevens
SGM233095,Sara,Montgomery
MPD224288,Michelle,Diaz
JQF220691,Jennifer,Faulk
LCA209275,Lorraine,Arce
DLI215149,Dorothy,Isbell
LUV223670,Linda,Vega
LIS272273,Leanne,Shaw
MCB204424,Martha,Barton
RXB256039,Reginald,Bateman
EAJ234670,Eric,Johnson
JFM219254,Joseph,Mcgrew
BCC274758,Bonita,Cushman
JCM286122,Jason,Magaldi
RHD243081,Rick,Devit
DQP244770,Dorothy,Petersen
CUT209666,Cristine,Tamm
LQD264656,Linda,Drew
CHE237811,Calandra,Evangelista
ADY211385,Abram,Yingling
MHH224955,Monte,Hoffmann
JJA269528,Joey,Attebery
EEW286587,Edward,Whitaker
GUO207160,Gladys,Owens
JLM272468,Johnny,Meza
PUW205542,Paul,Williams
LJS212524,Laura,Schell
JXT237279,Jason,Teklu
RPR218844,Robert,Richardson
VYM213768,Vickie,Moran
MVG215411,Marg,Gourley
LUT281916,Lauren,Thomas
LQA223373,Leslie,Adams
RJE267070,Rachel,Emerson
AYB223332,Andy,Beresford
JIG252205,Jarod,Gosselin
SKC225451,Steven,Crittenden
JSP244754,Jamie,Pitcher
DGH210652,Donald,Hutchens
PFH284125,Patrice,Ha
EAW242253,Ernest,Wince
CHS288939,Christine,Szczepanek
MFP221671,Mary,Parker
GJB241727,Gary,Beck
ENL257068,Edward,Leger
EZS289923,Earl,Small
SSM219711,Steven,Menn
MAR255797,Maureen,Raya
AEG222968,Albert,Green
GSM239741,Glenn,Miller
LKH235003,Lorraine,Hasselman
BRG219893,Bette,Gagnon
JXC254446,Jay,Castillo
AFD299198,Amanda,Dobransky
AUR202992,Audrey,Rivera
KAG261888,Kenneth,Garza
MBR238399,Marla,Rackley
HKB299218,Heather,Baskin
WMF220242,William,Fernandez
KPV263602,Kent,Vang
JAG265377,Joanne,Galvez
RGR205273,Rhonda,Robinson
BDT274623,Brandon,Twiford
WQB299170,Walter,Barrett
EFT251935,Everett,Thrasher
RAM284645,Raymundo,Michalak
GYR294537,Golda,Reando
KND298281,Kenneth,Dahlberg
AAM226081,Anna,Macdougall
JRF274095,Josue,Frampton
MNM281748,Mary,Marshall
RIB230160,Richard,Bell
TCF298262,Tammy,Ford
CUB285459,Cynthia,Beaman
TFM248719,Tami,Montoya
PNC203735,Patricia,Clendenin
AEC216493,Arthur,Couto
LFG298033,Loretta,Gadbois
LKB215442,Lucy,Bonilla
EFS272521,Emery,Schepens
CER268386,Colette,Reilly
RIT216183,Richard,Turner
EBG209227,Eliza,Gutoski
KKC294902,Katheryn,Christianson
KBA276037,Kate,Abramson
DTB222551,Daphne,Barker
MDC247377,Michel,Craig
AKS213582,Annette,Szymansky
HUS254044,Hugh,Saucedo
GBR294052,Gregory,Read
BVR230482,Betty,Rosas
SMC295507,Steven,Clark
EQM284833,Edward,Mullinax
HOS257763,Henry,Spurrier
KPA232272,Karen,Abed
MYV279909,Marie,Vonbraunsberg
AWD212930,Ashton,Dillahunt
SXC289180,Sarah,Carasco
AXC208716,Albert,Cooper
JCM214602,John,Mckenzie
MJS284428,Matthew,Stewart
BNW271712,Barbara,Woodbury
BVD289864,Bonnie,Dearborn
TMH252721,Tyrone,Higgins
JYB261634,Justin,Battle
FTR299958,Frances,Rottinghaus
RSC240312,Ronald,Crittle
MMA212723,Michael,Abbott
MIM281508,Mercedez,Mccarthy
GBJ249895,Gerardo,Jefferson
WYM248940,William,Minnis
DCB297788,David,Babbitt
JCB271040,Jeff,Budd
JLA236890,John,Anderson
JOH229899,John,Higgins
CPJ277717,Charles,Johnson
RGR218543,Ryan,Rutherford
LHF216663,Lynne,Friend
BKM207736,Brenda,Mccombs
MIC299413,Margaret,Carpenter
JHL283810,James,Lawrence
RZS258878,Raquel,Smith
MBT282397,Megan,Towne
KWB260589,Kathleen,Bies
BXR284259,Betty,Roberts
MIB289166,Manuel,Bragg
SDI270697,Steve,Ibarra
FVM270686,Francis,Molina
APK243309,Arthur,Kelley
EDS209880,Eloise,Slinkard
MSM275914,Miguel,Moore
NOZ234814,Nancy,Zook
DWO297310,Daniel,Overstreet
AAE297154,Anita,Ellison
SVK223509,Sheri,Kemp
MYJ252227,Martha,Jackson
JIP279457,Jason,Pool
APS260946,Anne,Sullivan
DQF255724,David,Fontanella
FEH235614,Frances,Haywood
CNW200772,Carolyn,Wilkerson
AML242906,Andrew,Lyons
GJM221992,Greg,Murphy
PST280728,Paula,Toothman
MPH272768,Marvin,Handley
KDG292124,Kathleen,Grant
RON213446,Roy,Nielsen
RYV274531,Randy,Velarde
JUK290096,Josh,Kulp
SNB265597,Sara,Briscoe
GYC259614,George,Chambers
HQT284896,Harold,Treece
AHT259682,Aileen,Treuter
VYC243065,Velia,Chavarria
SSD279887,Stacy,Dixon
JJB213979,Jason,Becker
MLK223021,Michael,Kyle
BLM248311,Bertha,Matchett
JII285841,Jamie,Isbell
BSG206629,Brenda,Green
MEC231186,Mary,Carroll
ETM293375,Elizabeth,Martin
INC259441,Irene,Clark
CNM253845,Cornelia,Maccormack
RWT273526,Randy,Tarver
HXA255028,Heather,Alvarado
AYH226794,Alesia,Huck
RWB242568,Ramon,Bourque
JYP210011,Juan,Powell
MLS282756,Marcella,Sample
NWM259050,Nathaniel,Mayhugh
OUV210682,Owen,Vargas
SJS225166,Shon,Sanchez
DPD230671,Donald,Dyar
TMH259130,Tatiana,Hess
LGJ258799,Loren,Johnson
SQA274798,Sharon,Andres
LCM291146,Loretta,Machen
EFS297426,Eddie,Singleton
PYT218714,Patricia,Thomas
AMG214869,Alexander,Gagnon
CWN272089,Charmaine,Nathanson
NQK240539,Neida,Kovacs
LRH283238,Lisa,Hanson
GJS263300,Gilbert,Simone
GHH241827,Gregory,Hart
BLW251543,Bethel,Woods
EYF272512,Elizabeth,Fritz
SXB280356,Sandra,Berri
JDL289224,James,Loynes
PXJ269878,Pauline,Jaynes
HRW257983,Harriet,Wallace
ABG222946,Allie,Gray
MCR280079,Marina,Reece
VDT285679,Viola,Taylor
JBL269228,Jennifer,London
PYW209046,Patricia,Whitehead
JTM224704,James,Mabe
MPW207989,Martin,Weiss
MKH273044,Matthew,Hawkins
CHP224906,Clifford,Perlman
CHP234180,Carolyn,Patterson
JGC282667,John,Collins
JOC235038,Jennifer,Cables
CDB284529,Clara,Bozek
SMW210084,Sandra,Warren
CMP259054,Cynthia,Pack
BTC203442,Brian,Clark
BTS239932,Benito,Steele
MLP242714,Martha,Peavey
VZE271256,Vernon,Erickson
MCD203219,Margaret,Dalton
AKW297057,Arthur,Whalen
STM234387,Sheila,Masterson
LUM224347,Laurie,Marler
AOC236025,Albert,Cooper
SYS245688,Scott,Sleiman
DIH299807,Dawn,Hough
FYP274205,Francis,Prow
MCC220837,Maria,Conner
JCF255353,Jerry,Freeman
WXS211362,William,Scott
DTH264865,Dorothy,Heard
DKM210357,Dominique,Morris
JXL265065,Josephine,Lingenfelter
AVP220618,Antoinette,Perrotti
DBU265803,David,Umana
MUB200835,Mary,Burger
BUS260091,Brandon,Shafer
LYG241160,Lisa,Goodman
RZL272869,Robert,Lee
RZR225919,Raquel,Robinson
BEL254000,Barbara,Lawson
EZS213124,Earl,Snyder
CBB271057,Carol,Brown
TUW295990,Traci,Willian
SLH265035,Steven,Harris
EJS221319,Elizabeth,Simeon
RRD238980,Robert,Davenport
EMH210739,Eugenia,Holland
KPG268495,Kevin,Giroux
EWJ236202,Elia,Johnson
SJR248816,Steven,Roselli
LGC204334,Linda,Conner
IGS206507,Ian,Swinford
BVS239602,Bertha,Smith
BGS250891,Brandon,Sandlan
RDL243426,Rebecca,Little
KSL259251,Kimberly,Leister
MXA208557,Mark,Alvarez
LTO283928,Lula,Oglesby
DVR291120,Donald,Roney
HQM214474,Helen,Martinez
KTM218139,Kenneth,Misiak
PVG223758,Patty,Gilliland
DUM256734,Dennis,Mccutcheon
HMH236458,Henry,Hagan
KOQ243512,Kay,Quinn
MGN293959,Margaret,Newsom
RTL250778,Rosa,Lamb
DKD293113,Douglas,Deberry
RTS298775,Ronald,Santana
KRM222779,Kevin,Mclean
EQD275061,Elizabeth,Dykstra
JDB289463,Judith,Barwick
VXR226945,Vicki,Redfox
AYH270101,Alan,Hauser
RRA205475,Roy,Ayala
RGB287988,Robert,Barclay
DQF234502,Don,Fiorita
LEA220869,Lawrence,Adair
AHR277028,Arthur,Roy
JFB202942,John,Boston
KFG226522,Kristie,Gilchrist
ASL224775,Alfred,Lafollette
CVM270268,Clara,Markham
GPC251000,Gilbert,Closson
SMI211382,Shelia,Ingram
LYD290989,Lucina,Diggs
GKM237655,Gary,Maloy
JED223969,Judy,Decastro
LYG224105,Lori,Golden
KUW255249,Karen,Walquist
SGP215890,Socorro,Piccinini
GWS245039,George,Soares
JYM262021,James,Morrow
BHV268610,Beverley,Velazquez
WTW239270,Warren,Wait
PTC223908,Paul,Comstock
JPR228467,Jane,Raber
RDP296681,Richard,Pooler
JIC230928,Joyce,Cooper
BZW207834,Beth,Wallin
JOH274278,Justin,Holt
JFA212616,John,Arbizo
HOA227359,Haydee,Aurand
NRM225312,Nicholas,Muresan
KXD273812,Kevin,Diamond
MHB218141,Mildred,Barger
IYL245603,Irene,Lard
DMF299881,Dennis,Flores
MTW299317,Michael,Wilson
TGT276415,Thomas,Taylor
DBR226066,Debbie,Raby
RJF254700,Roy,Farrell
JTK217241,James,Korbal
TXD232346,Theresa,Davis
MFB260762,Maria,Braun
JJM218953,Jerome,Miller
SGC271741,Stacy,Corona
ACS212206,Ann,Spader
MZD225369,Michael,Daugherty
KVR223020,Kenneth,Ramsey
DWS278012,Daryl,Sherlock
DXH263263,David,Hesselschward
PYD226287,Paul,Dewitt
VJH218554,Valerie,Howard
SUV291566,Susan,Vargas
CMG272895,Clyde,Galindo
JOR277616,Joyce,Rodriguez
HEH276379,Howard,Hurt
DLL262242,David,Lamb
RLC259558,Rhonda,Cantu
RSM261925,Rodney,Marcum
NIG236418,Nancy,Gutierrez
CYA252264,Christine,Adames
GYP212881,Gertrude,Pitts
JTR225307,James,Robinson
RGJ233847,Ruth,Jackson
VMF287111,Virginia,Fender
DMB284907,David,Brown
BBL204855,Barbara,Leveille
HHB213937,Harold,Bressler
MUF231934,Michael,Foshee
BTC280024,Billy,Carraway
EBC289816,Edna,Cook
LSW226208,Lavonne,White
IHH261018,Irene,Heyer
VGB210890,Vincent,Baxter
HKM291495,Herman,Martin
RBT246230,Rosa,Tanner
PDK251207,Paul,Kempinski
DUV230451,Denise,Valdez
MVM223891,Mathew,Maggard
KFT245068,Kevin,Tripp
TEC290327,Troy,Curb
LTJ267081,Laura,Jimenez
BSH295420,Bobbie,Humphrey
DPM226117,Darryl,Mccoy
CUF276161,Clara,Funderburke
EQE237992,Ethel,Entriken
LDS224696,Larry,Sissel
RYP255680,Robert,Pernell
HVB216225,Harry,Butler
JJM275777,Juan,Mclaren
DJN215167,Debra,Newberry
SML247672,Steven,Libby
BQD239682,Bill,Doan
GYM256450,George,Mcguire
SJA277664,Salvatore,Anderson
DJO265136,Darren,Ott
KGL266144,Kathryn,Ledbetter
JTH234987,Jeanne,Hudson
ITT202609,Ivan,Thompson
TND243160,Teri,Dennard
EJF218993,Emily,Fitzgerald
KKS264447,Katrina,Swilling
AUW220686,Arthur,Wolley
MEN206525,Marion,Newberry
AHS238036,Angela,Sanford
BQB273342,Brandon,Berry
BHE272833,Barbara,Evans
LGC298295,Leslie,Crayton
EKC243178,Earl,Collini
MNV284825,Michael,Villa
SPM288662,Sean,Mathew
GIB212384,Gina,Bouchard
JFW256858,James,Wright
DWS202859,David,Stewart
JKO293623,Juan,Orr
TNS217191,Tracey,Summers
WIY272984,Winford,Yates
LOS219815,Lee,Stepler
RLG244737,Rosa,Garcia
FBH252645,Frank,Hood
KEK270442,Kelly,Kovacs
SAA206256,Stephen,Askew
KWN234562,Katie,Notis
PLS274942,Patricia,Stewart
CZC263068,Clara,Coltrain
CYE281094,Cliff,Edmonds
JDR269193,Judith,Robinson
JML241948,Jose,Lambert
JRJ253411,Jermaine,Johnson
KLJ278363,Karin,Jefferson
PKS298657,Pamela,Sells
PMH288029,Pearl,Higgins
JLD294084,Joseph,Davies
HRD225146,Hilton,Doolittle
JRH294531,John,Hashim
HTS268114,Harley,Steverson
ANO278587,Andrew,Odonnell
RJT231870,Ricardo,Taylor
GGS245064,Giovanni,Shade
RDJ247555,Robert,Jones
KDR288795,Kevin,Radke
WEB280744,Wallace,Burton
TPA242182,Thelma,Arroyo
CQB258262,Cynthia,Brown
TVB247216,Terry,Barker
KRC256202,Kimberly,Cantu
KUS262230,Kenneth,Sjolander
AAS238155,Andrew,Sherman
EKR208384,Erica,Robertson
SYW291494,Spencer,Woodard
JGB283737,Judith,Bolanos
KFO293530,Karen,Olea
MLK206378,Melody,Kobashigawa
RUC254484,Raul,Craig
JPE208825,Jose,Eichhorn
ABH230984,Alberta,Howland
HBR230016,Heather,Russell
JHH295025,Janet,Hartford
CXS210909,Cathy,Stewart
JCG250336,Janet,Gorius
CHF285315,Carmel,Federico
KJF255436,Karl,Ferguson
SLC285789,Shelly,Cox
RDG283418,Robert,Garcia
RTS212693,Roger,Smith
JKA286537,James,Atwell
TVC263198,Thomas,Cox
GNB294036,Gertrude,Bulger
GKZ208111,Guy,Zambelli
BZC278835,Betty,Chalmers
DML255369,Darlena,Lines
GBC249355,Georgia,Cooper
MUH201520,Michael,Hill
JKB278525,James,Barry
MZR239400,Mickey,Ritchie
JMH216841,Jennifer,Hawkins
GML255009,George,Leveille
TRG269331,Terry,Glanton
DJB256068,Donald,Brixey
CXS253145,Carlos,Solesbee
JUB200292,Jessica,Bowman
MIS216232,Mary,Simard
LGC255188,Leanna,Cook
JTL236991,Jennifer,Leon
MBB219163,Mary,Butler
DTB206832,Deborah,Burks
MUH276588,Maria,Hall
NWS299530,Nona,Shepard
CFF273727,Christina,Fox
YKR285019,Yolanda,Reem
CLG220400,Cynthia,Gullett
LBL214422,Leon,Lantz
BAM267048,Betty,Mctigue
VDW219689,Vivian,Williamson
FWR250465,Frances,Rojas
MBW218892,Melissa,Whitis
MJM297459,Miguel,Mcmichael
HFG274981,Hilda,Glass
RYC235378,Robert,Cobb
LJW273890,Linda,Walters
DGS282044,Desmond,Stevens
CFM212335,Catherine,Mistrot
VKM257780,Victoria,Mclendon
MDW284211,Margaret,Watson
KCB299433,Kathleen,Batista
HWC270189,Heriberto,Camacho
LGC255073,Louis,Cole
RNJ211484,Robert,Johnson
JNO235076,Janet,Odegard
MBM272841,Michelle,Marr
EYP297299,Efren,Proffitt
RLN234340,Robert,Newsome
AYH225276,Albert,Hatch
DNA245685,Diana,Altieri
LUB256270,Lawrence,Briggs
JQA273615,Jason,Amaya
EAH278830,Erin,Henry
JDB264662,Julio,Bachrach
JIM205646,John,Moreno
YLC212032,Yvette,Cotten
MYR250538,Margo,Rainey
DLD246131,Dorothy,Dawkins
SHC214311,Sean,Cokely
CWR251496,Charles,Roling
LPH277857,Laticia,Hoff
WHS235381,William,Savage
TFT282167,Tiffaney,Tuner
RRM289249,Roger,Mccoy
BQV232955,Brian,Vasquez
REW275781,Rodney,Washington
RLE280636,Roxanne,Ernst
CZD239438,Carole,Dini
FFB286266,Frank,Broyles
PVF276092,Patricia,Flannery
DJG293740,Daniel,Glasser
AYS289040,Ann,Stevens
SGM233095,Sara,Montgomery
MPD224288,Michelle,Diaz
JQF220691,Jennifer,Faulk
LCA209275,Lorraine,Arce
DLI215149,Dorothy,Isbell
LUV223670,Linda,Vega
LIS272273,Leanne,Shaw
MCB204424,Martha,Barton
RXB256039,Reginald,Bateman
EAJ234670,Eric,Johnson
JFM219254,Joseph,Mcgrew
BCC274758,Bonita,Cushman
JCM286122,Jason,Magaldi
RHD243081,Rick,Devit
DQP244770,Dorothy,Petersen
CUT209666,Cristine,Tamm
LQD264656,Linda,Drew
CHE237811,Calandra,Evangelista
ADY211385,Abram,Yingling
MHH224955,Monte,Hoffmann
JJA269528,Joey,Attebery
EEW286587,Edward,Whitaker
GUO207160,Gladys,Owens
JLM272468,Johnny,Meza
PUW205542,Paul,Williams
LJS212524,Laura,Schell
JXT237279,Jason,Teklu
RPR218844,Robert,Richardson
VYM213768,Vickie,Moran
MVG215411,Marg,Gourley
LUT281916,Lauren,Thomas
LQA223373,Leslie,Adams
RJE267070,Rachel,Emerson
AYB223332,Andy,Beresford
JIG252205,Jarod,Gosselin
SKC225451,Steven,Crittenden
JSP244754,Jamie,Pitcher
DGH210652,Donald,Hutchens
PFH284125,Patrice,Ha
EAW242253,Ernest,Wince
CHS288939,Christine,Szczepanek
MFP221671,Mary,Parker
GJB241727,Gary,Beck
ENL257068,Edward,Leger
EZS289923,Earl,Small
SSM219711,Steven,Menn
MAR255797,Maureen,Raya
AEG222968,Albert,Green
GSM239741,Glenn,Miller
LKH235003,Lorraine,Hasselman
BRG219893,Bette,Gagnon
JXC254446,Jay,Castillo
AFD299198,Amanda,Dobransky
AUR202992,Audrey,Rivera
KAG261888,Kenneth,Garza
MBR238399,Marla,Rackley
HKB299218,Heather,Baskin
WMF220242,William,Fernandez
KPV263602,Kent,Vang
JAG265377,Joanne,Galvez
RGR205273,Rhonda,Robinson
BDT274623,Brandon,Twiford
WQB299170,Walter,Barrett
EFT251935,Everett,Thrasher
RAM284645,Raymundo,Michalak
GYR294537,Golda,Reando
KND298281,Kenneth,Dahlberg
AAM226081,Anna,Macdougall
JRF274095,Josue,Frampton
MNM281748,Mary,Marshall
RIB230160,Richard,Bell
TCF298262,Tammy,Ford
CUB285459,Cynthia,Beaman
TFM248719,Tami,Montoya
PNC203735,Patricia,Clendenin
AEC216493,Arthur,Couto
LFG298033,Loretta,Gadbois
LKB215442,Lucy,Bonilla
EFS272521,Emery,Schepens
CER268386,Colette,Reilly
RIT216183,Richard,Turner
EBG209227,Eliza,Gutoski
KKC294902,Katheryn,Christianson
KBA276037,Kate,Abramson
DTB222551,Daphne,Barker
MDC247377,Michel,Craig
AKS213582,Annette,Szymansky
HUS254044,Hugh,Saucedo
GBR294052,Gregory,Read
BVR230482,Betty,Rosas
SMC295507,Steven,Clark
EQM284833,Edward,Mullinax
HOS257763,Henry,Spurrier
KPA232272,Karen,Abed
MYV279909,Marie,Vonbraunsberg
AWD212930,Ashton,Dillahunt
SXC289180,Sarah,Carasco
AXC208716,Albert,Cooper
JCM214602,John,Mckenzie
MJS284428,Matthew,Stewart
BNW271712,Barbara,Woodbury
BVD289864,Bonnie,Dearborn
TMH252721,Tyrone,Higgins
JYB261634,Justin,Battle
FTR299958,Frances,Rottinghaus
RSC240312,Ronald,Crittle
MMA212723,Michael,Abbott
MIM281508,Mercedez,Mccarthy
GBJ249895,Gerardo,Jefferson
WYM248940,William,Minnis
DCB297788,David,Babbitt
JCB271040,Jeff,Budd
JLA236890,John,Anderson
JOH229899,John,Higgins
CPJ277717,Charles,Johnson
RGR218543,Ryan,Rutherford
LHF216663,Lynne,Friend
BKM207736,Brenda,Mccombs
MIC299413,Margaret,Carpenter
